{
  "open": {
    "mean": 115.27863164249975,
    "std": 85.07718663688928
  },
  "high": {
    "mean": 116.80588133346896,
    "std": 86.29655276638327
  },
  "low": {
    "mean": 113.7093087898077,
    "std": 83.80434854720926
  },
  "close": {
    "mean": 115.28705297092108,
    "std": 85.07193305584653
  },
  "volume": {
    "mean": 94884021.54884829,
    "std": 156378258.00465885
  }
}